Title,Media URL,Pinterest board,Description,Link,Publish date,Keywords
Stop doesn't account for recent patch,https://gomovecalc.xyz/pins/pin-141.png,Game Character Builds,"Tired of doesn't account for recent patch changes? Try this free game character build calculator — no signup, instant results. buildcraft.8zla.com",https://buildcraft.8zla.com/,2026-07-06T01:18:00+00:00,"#gamecharacterbuildcalculator, #freetool, #calculator, #nocode, #indiehacker"
How to Elden Ring Build Calculator: Optimize Your Tarnished Without Wasting Runes,https://gomovecalc.xyz/pins/pin-142.png,Game Character Builds,Step-by-step: use our free game character build calculator to get accurate estimates in 30 seconds. No email required.,https://buildcraft.8zla.com/,2026-07-06T02:37:00+00:00,"#gamecharacterbuildcalculator, #freetool, #calculator, #nocode, #indiehacker"
BuildForge vs Paying a Pro: Real Cost Difference,https://gomovecalc.xyz/pins/pin-143.png,Game Character Builds,"Before you hire someone, run the numbers. Free game character build calculator saves you from overpaying. buildcraft.8zla.com",https://buildcraft.8zla.com/,2026-07-06T03:29:00+00:00,"#gamecharacterbuildcalculator, #freetool, #calculator, #nocode, #indiehacker"
One Thing Most People Get Wrong About game character build,https://gomovecalc.xyz/pins/pin-144.png,Game Character Builds,Don't guess — calculate. Our free tool uses real industry data. buildcraft.8zla.com,https://buildcraft.8zla.com/,2026-07-06T04:41:00+00:00,"#gamecharacterbuildcalculator, #freetool, #calculator, #nocode, #indiehacker"
BuildForge: The Free Tool That Replaces Spreadsheets,https://gomovecalc.xyz/pins/pin-145.png,Game Character Builds,"No Excel, no math, no signup. Just open and calculate. game character build calculator — buildcraft.8zla.com",https://buildcraft.8zla.com/,2026-07-06T05:37:00+00:00,"#gamecharacterbuildcalculator, #freetool, #calculator, #nocode, #indiehacker"
Real Numbers: What game character build Actually Costs in 2026,https://gomovecalc.xyz/pins/pin-146.png,Game Character Builds,Updated 2026 pricing data. Free game character build calculator with breakdown by category. buildcraft.8zla.com,https://buildcraft.8zla.com/,2026-07-06T06:33:00+00:00,"#gamecharacterbuildcalculator, #freetool, #calculator, #nocode, #indiehacker"
Which game Option Is Right For You?,https://gomovecalc.xyz/pins/pin-147.png,Game Character Builds,Answer 3 quick inputs and our free calculator tells you. No signup. buildcraft.8zla.com,https://buildcraft.8zla.com/,2026-07-06T07:54:00+00:00,"#gamecharacterbuildcalculator, #freetool, #calculator, #nocode, #indiehacker"
Before Buying game character: Run This First,https://gomovecalc.xyz/pins/pin-148.png,Game Character Builds,5 minutes of planning saves thousands. Free game character build calculator → buildcraft.8zla.com,https://buildcraft.8zla.com/,2026-07-06T08:02:00+00:00,"#gamecharacterbuildcalculator, #freetool, #calculator, #nocode, #indiehacker"
The Ultimate game character build Checklist (Free Tool Inside),https://gomovecalc.xyz/pins/pin-149.png,Game Character Builds,Everything you need to know before starting. Plus a free calculator. buildcraft.8zla.com,https://buildcraft.8zla.com/,2026-07-06T09:41:00+00:00,"#gamecharacterbuildcalculator, #freetool, #calculator, #nocode, #indiehacker"
Industry Secret: How Pros Estimate game character Costs,https://gomovecalc.xyz/pins/pin-150.png,Game Character Builds,We reverse-engineered professional pricing formulas. Try them free. buildcraft.8zla.com,https://buildcraft.8zla.com/,2026-07-06T10:30:00+00:00,"#gamecharacterbuildcalculator, #freetool, #calculator, #nocode, #indiehacker"
Stop outdated design and no mobile,https://gomovecalc.xyz/pins/pin-151.png,Electrical & Home Wiring,"Tired of outdated design and no mobile support? Try this free electrical load calculator — no signup, instant results. voltwise.8zla.com",https://voltwise.8zla.com/,2026-07-07T01:21:00+00:00,"#electricalloadcalculator, #freetool, #calculator, #nocode, #indiehacker"
How to Electrical Load Calculator  Size Your Panel Without the Guesswork,https://gomovecalc.xyz/pins/pin-152.png,Electrical & Home Wiring,Step-by-step: use our free electrical load calculator to get accurate estimates in 30 seconds. No email required.,https://voltwise.8zla.com/,2026-07-07T02:04:00+00:00,"#electricalloadcalculator, #freetool, #calculator, #nocode, #indiehacker"
AmpFlow vs Paying a Pro: Real Cost Difference,https://gomovecalc.xyz/pins/pin-153.png,Electrical & Home Wiring,"Before you hire someone, run the numbers. Free electrical load calculator saves you from overpaying. voltwise.8zla.com",https://voltwise.8zla.com/,2026-07-07T04:08:00+00:00,"#electricalloadcalculator, #freetool, #calculator, #nocode, #indiehacker"
One Thing Most People Get Wrong About electrical load,https://gomovecalc.xyz/pins/pin-154.png,Electrical & Home Wiring,Don't guess — calculate. Our free tool uses real industry data. voltwise.8zla.com,https://voltwise.8zla.com/,2026-07-07T04:52:00+00:00,"#electricalloadcalculator, #freetool, #calculator, #nocode, #indiehacker"
AmpFlow: The Free Tool That Replaces Spreadsheets,https://gomovecalc.xyz/pins/pin-155.png,Electrical & Home Wiring,"No Excel, no math, no signup. Just open and calculate. electrical load calculator — voltwise.8zla.com",https://voltwise.8zla.com/,2026-07-07T05:10:00+00:00,"#electricalloadcalculator, #freetool, #calculator, #nocode, #indiehacker"
Real Numbers: What electrical load Actually Costs in 2026,https://gomovecalc.xyz/pins/pin-156.png,Electrical & Home Wiring,Updated 2026 pricing data. Free electrical load calculator with breakdown by category. voltwise.8zla.com,https://voltwise.8zla.com/,2026-07-07T06:53:00+00:00,"#electricalloadcalculator, #freetool, #calculator, #nocode, #indiehacker"
Which electrical Option Is Right For You?,https://gomovecalc.xyz/pins/pin-157.png,Electrical & Home Wiring,Answer 3 quick inputs and our free calculator tells you. No signup. voltwise.8zla.com,https://voltwise.8zla.com/,2026-07-07T07:19:00+00:00,"#electricalloadcalculator, #freetool, #calculator, #nocode, #indiehacker"
Before Buying electrical load: Run This First,https://gomovecalc.xyz/pins/pin-158.png,Electrical & Home Wiring,5 minutes of planning saves thousands. Free electrical load calculator → voltwise.8zla.com,https://voltwise.8zla.com/,2026-07-07T09:06:00+00:00,"#electricalloadcalculator, #freetool, #calculator, #nocode, #indiehacker"
The Ultimate electrical load Checklist (Free Tool Inside),https://gomovecalc.xyz/pins/pin-159.png,Electrical & Home Wiring,Everything you need to know before starting. Plus a free calculator. voltwise.8zla.com,https://voltwise.8zla.com/,2026-07-07T09:35:00+00:00,"#electricalloadcalculator, #freetool, #calculator, #nocode, #indiehacker"
Industry Secret: How Pros Estimate electrical load Costs,https://gomovecalc.xyz/pins/pin-160.png,Electrical & Home Wiring,We reverse-engineered professional pricing formulas. Try them free. voltwise.8zla.com,https://voltwise.8zla.com/,2026-07-07T10:35:00+00:00,"#electricalloadcalculator, #freetool, #calculator, #nocode, #indiehacker"
Stop estimates are too low because,https://gomovecalc.xyz/pins/pin-161.png,Gardening & Landscaping,"Tired of estimates are too low because they ignore soil settling and compaction? Try this free garden soil calculator — no signup, instant results. soilwise.8zla.com",https://soilwise.8zla.com/,2026-07-08T01:13:00+00:00,"#gardensoilcalculator, #freetool, #calculator, #nocode, #indiehacker"
How to Garden Soil Calculator: How Much Soil Do You Really Need?,https://gomovecalc.xyz/pins/pin-162.png,Gardening & Landscaping,Step-by-step: use our free garden soil calculator to get accurate estimates in 30 seconds. No email required.,https://soilwise.8zla.com/,2026-07-08T02:15:00+00:00,"#gardensoilcalculator, #freetool, #calculator, #nocode, #indiehacker"
EarthWise vs Paying a Pro: Real Cost Difference,https://gomovecalc.xyz/pins/pin-163.png,Gardening & Landscaping,"Before you hire someone, run the numbers. Free garden soil calculator saves you from overpaying. soilwise.8zla.com",https://soilwise.8zla.com/,2026-07-08T04:06:00+00:00,"#gardensoilcalculator, #freetool, #calculator, #nocode, #indiehacker"
One Thing Most People Get Wrong About garden soil,https://gomovecalc.xyz/pins/pin-164.png,Gardening & Landscaping,Don't guess — calculate. Our free tool uses real industry data. soilwise.8zla.com,https://soilwise.8zla.com/,2026-07-08T05:07:00+00:00,"#gardensoilcalculator, #freetool, #calculator, #nocode, #indiehacker"
EarthWise: The Free Tool That Replaces Spreadsheets,https://gomovecalc.xyz/pins/pin-165.png,Gardening & Landscaping,"No Excel, no math, no signup. Just open and calculate. garden soil calculator — soilwise.8zla.com",https://soilwise.8zla.com/,2026-07-08T05:56:00+00:00,"#gardensoilcalculator, #freetool, #calculator, #nocode, #indiehacker"
Real Numbers: What garden soil Actually Costs in 2026,https://gomovecalc.xyz/pins/pin-166.png,Gardening & Landscaping,Updated 2026 pricing data. Free garden soil calculator with breakdown by category. soilwise.8zla.com,https://soilwise.8zla.com/,2026-07-08T06:50:00+00:00,"#gardensoilcalculator, #freetool, #calculator, #nocode, #indiehacker"
Which garden Option Is Right For You?,https://gomovecalc.xyz/pins/pin-167.png,Gardening & Landscaping,Answer 3 quick inputs and our free calculator tells you. No signup. soilwise.8zla.com,https://soilwise.8zla.com/,2026-07-08T07:01:00+00:00,"#gardensoilcalculator, #freetool, #calculator, #nocode, #indiehacker"
Before Buying garden soil: Run This First,https://gomovecalc.xyz/pins/pin-168.png,Gardening & Landscaping,5 minutes of planning saves thousands. Free garden soil calculator → soilwise.8zla.com,https://soilwise.8zla.com/,2026-07-08T08:50:00+00:00,"#gardensoilcalculator, #freetool, #calculator, #nocode, #indiehacker"
The Ultimate garden soil Checklist (Free Tool Inside),https://gomovecalc.xyz/pins/pin-169.png,Gardening & Landscaping,Everything you need to know before starting. Plus a free calculator. soilwise.8zla.com,https://soilwise.8zla.com/,2026-07-08T09:35:00+00:00,"#gardensoilcalculator, #freetool, #calculator, #nocode, #indiehacker"
Industry Secret: How Pros Estimate garden soil Costs,https://gomovecalc.xyz/pins/pin-170.png,Gardening & Landscaping,We reverse-engineered professional pricing formulas. Try them free. soilwise.8zla.com,https://soilwise.8zla.com/,2026-07-08T10:43:00+00:00,"#gardensoilcalculator, #freetool, #calculator, #nocode, #indiehacker"
Stop asks for email before showing,https://gomovecalc.xyz/pins/pin-171.png,Cleaning & Home Tips,"Tired of asks for email before showing estimate? Try this free house cleaning cost estimator — no signup, instant results. cleancalc.8zla.com",https://cleancalc.8zla.com/,2026-07-09T01:24:00+00:00,"#housecleaningcostestimator, #freetool, #calculator, #nocode, #indiehacker"
How to How Much Does House Cleaning Cost? Get a Free Estimate Based on Your Home,https://gomovecalc.xyz/pins/pin-172.png,Cleaning & Home Tips,Step-by-step: use our free house cleaning cost estimator to get accurate estimates in 30 seconds. No email required.,https://cleancalc.8zla.com/,2026-07-09T02:01:00+00:00,"#housecleaningcostestimator, #freetool, #calculator, #nocode, #indiehacker"
TidyCost vs Paying a Pro: Real Cost Difference,https://gomovecalc.xyz/pins/pin-173.png,Cleaning & Home Tips,"Before you hire someone, run the numbers. Free house cleaning cost estimator saves you from overpaying. cleancalc.8zla.com",https://cleancalc.8zla.com/,2026-07-09T04:12:00+00:00,"#housecleaningcostestimator, #freetool, #calculator, #nocode, #indiehacker"
One Thing Most People Get Wrong About house cleaning cost,https://gomovecalc.xyz/pins/pin-174.png,Cleaning & Home Tips,Don't guess — calculate. Our free tool uses real industry data. cleancalc.8zla.com,https://cleancalc.8zla.com/,2026-07-09T04:41:00+00:00,"#housecleaningcostestimator, #freetool, #calculator, #nocode, #indiehacker"
TidyCost: The Free Tool That Replaces Spreadsheets,https://gomovecalc.xyz/pins/pin-175.png,Cleaning & Home Tips,"No Excel, no math, no signup. Just open and calculate. house cleaning cost estimator — cleancalc.8zla.com",https://cleancalc.8zla.com/,2026-07-09T05:57:00+00:00,"#housecleaningcostestimator, #freetool, #calculator, #nocode, #indiehacker"
Real Numbers: What house cleaning cost Actually Costs in 2026,https://gomovecalc.xyz/pins/pin-176.png,Cleaning & Home Tips,Updated 2026 pricing data. Free house cleaning cost estimator with breakdown by category. cleancalc.8zla.com,https://cleancalc.8zla.com/,2026-07-09T06:37:00+00:00,"#housecleaningcostestimator, #freetool, #calculator, #nocode, #indiehacker"
Which house Option Is Right For You?,https://gomovecalc.xyz/pins/pin-177.png,Cleaning & Home Tips,Answer 3 quick inputs and our free calculator tells you. No signup. cleancalc.8zla.com,https://cleancalc.8zla.com/,2026-07-09T07:34:00+00:00,"#housecleaningcostestimator, #freetool, #calculator, #nocode, #indiehacker"
Before Buying house cleaning: Run This First,https://gomovecalc.xyz/pins/pin-178.png,Cleaning & Home Tips,5 minutes of planning saves thousands. Free house cleaning cost estimator → cleancalc.8zla.com,https://cleancalc.8zla.com/,2026-07-09T08:37:00+00:00,"#housecleaningcostestimator, #freetool, #calculator, #nocode, #indiehacker"
The Ultimate house cleaning cost Checklist (Free Tool Inside),https://gomovecalc.xyz/pins/pin-179.png,Cleaning & Home Tips,Everything you need to know before starting. Plus a free calculator. cleancalc.8zla.com,https://cleancalc.8zla.com/,2026-07-09T09:38:00+00:00,"#housecleaningcostestimator, #freetool, #calculator, #nocode, #indiehacker"
Industry Secret: How Pros Estimate house cleaning Costs,https://gomovecalc.xyz/pins/pin-180.png,Cleaning & Home Tips,We reverse-engineered professional pricing formulas. Try them free. cleancalc.8zla.com,https://cleancalc.8zla.com/,2026-07-09T10:27:00+00:00,"#housecleaningcostestimator, #freetool, #calculator, #nocode, #indiehacker"
Stop Requires personal information before showing,https://gomovecalc.xyz/pins/pin-181.png,Solar Power & Energy,"Tired of Requires personal information before showing any numbers? Try this free solar panel calculator — no signup, instant results. solarwise.8zla.com",https://solarwise.8zla.com/,2026-07-10T01:34:00+00:00,"#solarpanelcalculator, #freetool, #calculator, #nocode, #indiehacker"
How to Solar Panel Calculator: Get Your Custom Savings Estimate Instantly,https://gomovecalc.xyz/pins/pin-182.png,Solar Power & Energy,Step-by-step: use our free solar panel calculator to get accurate estimates in 30 seconds. No email required.,https://solarwise.8zla.com/,2026-07-10T02:14:00+00:00,"#solarpanelcalculator, #freetool, #calculator, #nocode, #indiehacker"
RayCalc vs Paying a Pro: Real Cost Difference,https://gomovecalc.xyz/pins/pin-183.png,Solar Power & Energy,"Before you hire someone, run the numbers. Free solar panel calculator saves you from overpaying. solarwise.8zla.com",https://solarwise.8zla.com/,2026-07-10T03:48:00+00:00,"#solarpanelcalculator, #freetool, #calculator, #nocode, #indiehacker"
One Thing Most People Get Wrong About solar panel,https://gomovecalc.xyz/pins/pin-184.png,Solar Power & Energy,Don't guess — calculate. Our free tool uses real industry data. solarwise.8zla.com,https://solarwise.8zla.com/,2026-07-10T04:43:00+00:00,"#solarpanelcalculator, #freetool, #calculator, #nocode, #indiehacker"
RayCalc: The Free Tool That Replaces Spreadsheets,https://gomovecalc.xyz/pins/pin-185.png,Solar Power & Energy,"No Excel, no math, no signup. Just open and calculate. solar panel calculator — solarwise.8zla.com",https://solarwise.8zla.com/,2026-07-10T05:37:00+00:00,"#solarpanelcalculator, #freetool, #calculator, #nocode, #indiehacker"
Real Numbers: What solar panel Actually Costs in 2026,https://gomovecalc.xyz/pins/pin-186.png,Solar Power & Energy,Updated 2026 pricing data. Free solar panel calculator with breakdown by category. solarwise.8zla.com,https://solarwise.8zla.com/,2026-07-10T06:12:00+00:00,"#solarpanelcalculator, #freetool, #calculator, #nocode, #indiehacker"
Which solar Option Is Right For You?,https://gomovecalc.xyz/pins/pin-187.png,Solar Power & Energy,Answer 3 quick inputs and our free calculator tells you. No signup. solarwise.8zla.com,https://solarwise.8zla.com/,2026-07-10T07:46:00+00:00,"#solarpanelcalculator, #freetool, #calculator, #nocode, #indiehacker"
Before Buying solar panel: Run This First,https://gomovecalc.xyz/pins/pin-188.png,Solar Power & Energy,5 minutes of planning saves thousands. Free solar panel calculator → solarwise.8zla.com,https://solarwise.8zla.com/,2026-07-10T08:35:00+00:00,"#solarpanelcalculator, #freetool, #calculator, #nocode, #indiehacker"
The Ultimate solar panel Checklist (Free Tool Inside),https://gomovecalc.xyz/pins/pin-189.png,Solar Power & Energy,Everything you need to know before starting. Plus a free calculator. solarwise.8zla.com,https://solarwise.8zla.com/,2026-07-10T10:00:00+00:00,"#solarpanelcalculator, #freetool, #calculator, #nocode, #indiehacker"
Industry Secret: How Pros Estimate solar panel Costs,https://gomovecalc.xyz/pins/pin-190.png,Solar Power & Energy,We reverse-engineered professional pricing formulas. Try them free. solarwise.8zla.com,https://solarwise.8zla.com/,2026-07-10T11:11:00+00:00,"#solarpanelcalculator, #freetool, #calculator, #nocode, #indiehacker"
Stop Every 'free' Manual J tool,https://gomovecalc.xyz/pins/pin-191.png,HVAC & Home Comfort,"Tired of Every 'free' Manual J tool I found forces me to enter my email before I can see the load calculation.? Try this free HVAC sizing calculator — no signup, instant results. hvacwise.8zla.com",https://hvacwise.8zla.com/,2026-07-11T02:11:00+00:00,"#HVACsizingcalculator, #freetool, #calculator, #nocode, #indiehacker"
How to Free Manual J Load Calculation Online  No Email Required,https://gomovecalc.xyz/pins/pin-192.png,HVAC & Home Comfort,Step-by-step: use our free HVAC sizing calculator to get accurate estimates in 30 seconds. No email required.,https://hvacwise.8zla.com/,2026-07-11T02:08:00+00:00,"#HVACsizingcalculator, #freetool, #calculator, #nocode, #indiehacker"
ThermoWise vs Paying a Pro: Real Cost Difference,https://gomovecalc.xyz/pins/pin-193.png,HVAC & Home Comfort,"Before you hire someone, run the numbers. Free HVAC sizing calculator saves you from overpaying. hvacwise.8zla.com",https://hvacwise.8zla.com/,2026-07-11T03:50:00+00:00,"#HVACsizingcalculator, #freetool, #calculator, #nocode, #indiehacker"
One Thing Most People Get Wrong About HVAC sizing,https://gomovecalc.xyz/pins/pin-194.png,HVAC & Home Comfort,Don't guess — calculate. Our free tool uses real industry data. hvacwise.8zla.com,https://hvacwise.8zla.com/,2026-07-11T04:20:00+00:00,"#HVACsizingcalculator, #freetool, #calculator, #nocode, #indiehacker"
ThermoWise: The Free Tool That Replaces Spreadsheets,https://gomovecalc.xyz/pins/pin-195.png,HVAC & Home Comfort,"No Excel, no math, no signup. Just open and calculate. HVAC sizing calculator — hvacwise.8zla.com",https://hvacwise.8zla.com/,2026-07-11T05:44:00+00:00,"#HVACsizingcalculator, #freetool, #calculator, #nocode, #indiehacker"
Real Numbers: What HVAC sizing Actually Costs in 2026,https://gomovecalc.xyz/pins/pin-196.png,HVAC & Home Comfort,Updated 2026 pricing data. Free HVAC sizing calculator with breakdown by category. hvacwise.8zla.com,https://hvacwise.8zla.com/,2026-07-11T07:03:00+00:00,"#HVACsizingcalculator, #freetool, #calculator, #nocode, #indiehacker"
Which HVAC Option Is Right For You?,https://gomovecalc.xyz/pins/pin-197.png,HVAC & Home Comfort,Answer 3 quick inputs and our free calculator tells you. No signup. hvacwise.8zla.com,https://hvacwise.8zla.com/,2026-07-11T07:49:00+00:00,"#HVACsizingcalculator, #freetool, #calculator, #nocode, #indiehacker"
Before Buying HVAC sizing: Run This First,https://gomovecalc.xyz/pins/pin-198.png,HVAC & Home Comfort,5 minutes of planning saves thousands. Free HVAC sizing calculator → hvacwise.8zla.com,https://hvacwise.8zla.com/,2026-07-11T08:33:00+00:00,"#HVACsizingcalculator, #freetool, #calculator, #nocode, #indiehacker"
The Ultimate HVAC sizing Checklist (Free Tool Inside),https://gomovecalc.xyz/pins/pin-199.png,HVAC & Home Comfort,Everything you need to know before starting. Plus a free calculator. hvacwise.8zla.com,https://hvacwise.8zla.com/,2026-07-11T09:58:00+00:00,"#HVACsizingcalculator, #freetool, #calculator, #nocode, #indiehacker"
Industry Secret: How Pros Estimate HVAC sizing Costs,https://gomovecalc.xyz/pins/pin-200.png,HVAC & Home Comfort,We reverse-engineered professional pricing formulas. Try them free. hvacwise.8zla.com,https://hvacwise.8zla.com/,2026-07-11T10:29:00+00:00,"#HVACsizingcalculator, #freetool, #calculator, #nocode, #indiehacker"
Stop Always triggers false reminders,https://gomovecalc.xyz/pins/pin-201.png,AI Productivity Tools,"Tired of Always triggers false reminders? Try this free AI productivity tools — no signup, instant results. prodtooltrove.8zla.com",https://prodtooltrove.8zla.com/,2026-07-12T01:19:00+00:00,"#AIproductivitytools, #freetool, #comparison, #nocode, #indiehacker"
How to Best AI Personal Assistant Apps in 2026: Compare Top Tools,https://gomovecalc.xyz/pins/pin-202.png,AI Productivity Tools,Step-by-step: use our free AI productivity tools to get accurate estimates in 30 seconds. No email required.,https://prodtooltrove.8zla.com/,2026-07-12T02:17:00+00:00,"#AIproductivitytools, #freetool, #comparison, #nocode, #indiehacker"
MindForge vs Paying a Pro: Real Cost Difference,https://gomovecalc.xyz/pins/pin-203.png,AI Productivity Tools,"Before you hire someone, run the numbers. Free AI productivity tools saves you from overpaying. prodtooltrove.8zla.com",https://prodtooltrove.8zla.com/,2026-07-12T03:03:00+00:00,"#AIproductivitytools, #freetool, #comparison, #nocode, #indiehacker"
One Thing Most People Get Wrong About AI productivity tools,https://gomovecalc.xyz/pins/pin-204.png,AI Productivity Tools,Don't guess — calculate. Our free tool uses real industry data. prodtooltrove.8zla.com,https://prodtooltrove.8zla.com/,2026-07-12T04:10:00+00:00,"#AIproductivitytools, #freetool, #comparison, #nocode, #indiehacker"
MindForge: The Free Tool That Replaces Spreadsheets,https://gomovecalc.xyz/pins/pin-205.png,AI Productivity Tools,"No Excel, no math, no signup. Just open and calculate. AI productivity tools — prodtooltrove.8zla.com",https://prodtooltrove.8zla.com/,2026-07-12T06:03:00+00:00,"#AIproductivitytools, #freetool, #comparison, #nocode, #indiehacker"
Real Numbers: What AI productivity tools Actually Costs in 2026,https://gomovecalc.xyz/pins/pin-206.png,AI Productivity Tools,Updated 2026 pricing data. Free AI productivity tools with breakdown by category. prodtooltrove.8zla.com,https://prodtooltrove.8zla.com/,2026-07-12T06:31:00+00:00,"#AIproductivitytools, #freetool, #comparison, #nocode, #indiehacker"
Which AI Option Is Right For You?,https://gomovecalc.xyz/pins/pin-207.png,AI Productivity Tools,Answer 3 quick inputs and our free calculator tells you. No signup. prodtooltrove.8zla.com,https://prodtooltrove.8zla.com/,2026-07-12T07:20:00+00:00,"#AIproductivitytools, #freetool, #comparison, #nocode, #indiehacker"
Before Buying AI productivity: Run This First,https://gomovecalc.xyz/pins/pin-208.png,AI Productivity Tools,5 minutes of planning saves thousands. Free AI productivity tools → prodtooltrove.8zla.com,https://prodtooltrove.8zla.com/,2026-07-12T08:27:00+00:00,"#AIproductivitytools, #freetool, #comparison, #nocode, #indiehacker"
The Ultimate AI productivity tools Checklist (Free Tool Inside),https://gomovecalc.xyz/pins/pin-209.png,AI Productivity Tools,Everything you need to know before starting. Plus a free calculator. prodtooltrove.8zla.com,https://prodtooltrove.8zla.com/,2026-07-12T09:40:00+00:00,"#AIproductivitytools, #freetool, #comparison, #nocode, #indiehacker"
Industry Secret: How Pros Estimate AI productivity Costs,https://gomovecalc.xyz/pins/pin-210.png,AI Productivity Tools,We reverse-engineered professional pricing formulas. Try them free. prodtooltrove.8zla.com,https://prodtooltrove.8zla.com/,2026-07-12T10:33:00+00:00,"#AIproductivitytools, #freetool, #comparison, #nocode, #indiehacker"